timestamp,soil_temp,air_temp,soil_moisture,humidity,light_intensity,irrigation_status
2025-11-04 14:24:49,23.62,24.61,57.96,58.71,144.08,0
2025-11-04 14:24:49,30.74,19.24,53.49,43.52,459.3,0
2025-11-04 14:24:49,35.0,22.97,54.43,86.15,774.49,0
2025-11-04 14:24:49,27.63,22.62,47.52,55.81,451.88,0
2025-11-04 14:24:49,32.72,35.27,24.64,94.63,674.43,1
2025-11-04 14:24:49,36.48,29.87,34.87,76.45,317.41,0
2025-11-04 14:24:49,22.48,34.69,33.03,37.13,1024.34,0
2025-11-04 14:24:49,21.69,33.56,66.69,82.83,558.41,0
2025-11-04 14:24:49,18.51,23.61,54.59,88.2,789.93,0
2025-11-04 14:24:49,37.08,34.87,52.79,62.7,721.54,0
2025-11-04 14:24:49,20.33,25.89,15.95,89.87,208.2,1
2025-11-04 14:24:49,29.77,21.99,32.48,45.92,1078.83,0
2025-11-04 14:24:49,37.03,21.42,38.16,69.41,786.43,0
2025-11-04 14:24:49,32.59,35.39,85.34,68.68,692.94,2
2025-11-04 14:24:49,26.45,26.93,76.76,40.67,150.05,2
2025-11-04 14:24:49,22.93,19.55,24.62,78.1,476.9,1
2025-11-04 14:24:49,29.08,35.51,59.08,79.37,346.37,0
2025-11-04 14:24:49,17.71,24.6,71.22,39.56,774.07,2
2025-11-04 14:24:49,23.76,29.35,11.22,57.79,538.9,1
2025-11-04 14:24:49,29.19,32.55,31.67,94.39,301.14,0
2025-11-04 14:24:49,19.67,37.22,83.83,69.2,340.34,2
2025-11-04 14:24:49,27.45,21.06,37.52,85.64,259.86,0
2025-11-04 14:24:49,31.8,26.12,82.36,30.07,470.93,2
2025-11-04 14:24:49,34.21,36.82,64.79,69.26,280.49,0
2025-11-04 14:24:49,32.68,30.76,74.22,38.64,373.68,2
2025-11-04 14:24:49,20.29,37.61,53.33,83.07,603.0,0
2025-11-04 14:24:49,35.13,26.04,75.36,91.94,965.08,2
2025-11-04 14:24:49,34.88,32.48,89.24,40.1,167.85,2
2025-11-04 14:24:49,23.99,30.63,57.54,56.39,295.62,0
2025-11-04 14:24:49,25.84,31.29,31.64,35.72,581.43,0
2025-11-04 14:24:49,25.51,18.33,85.88,57.94,1082.56,2
2025-11-04 14:24:49,21.62,23.43,64.58,75.22,649.16,0
2025-11-04 14:24:49,17.57,21.34,52.84,93.93,368.45,0
2025-11-04 14:24:49,25.22,23.05,12.02,40.31,713.17,1
2025-11-04 14:24:49,24.92,27.27,77.21,75.05,270.42,2
2025-11-04 14:24:49,30.2,34.93,18.22,69.24,748.06,1
2025-11-04 14:24:49,22.66,31.71,82.66,36.81,441.47,2
2025-11-04 14:24:49,32.65,27.14,62.94,59.46,798.27,0
2025-11-04 14:24:49,23.89,24.79,31.1,88.0,110.39,0
2025-11-04 14:24:49,34.96,32.42,38.85,43.45,1100.6,0
2025-11-04 14:24:49,29.16,38.02,83.36,36.73,1039.89,2
2025-11-04 14:24:49,36.99,38.95,40.02,57.36,659.7,0
2025-11-04 14:24:49,27.63,36.98,55.51,51.74,408.42,0
2025-11-04 14:24:49,36.36,35.81,40.71,88.94,1048.15,0
2025-11-04 14:24:49,28.96,28.37,39.44,71.01,534.26,0
2025-11-04 14:24:49,17.67,25.49,15.04,54.1,419.2,1
2025-11-04 14:24:49,32.18,21.71,66.89,94.22,1063.11,0
2025-11-04 14:24:49,35.11,23.15,22.65,50.39,796.7,1
2025-11-04 14:24:49,37.52,37.07,12.33,35.9,452.52,1
2025-11-04 14:24:49,28.94,32.84,44.71,75.37,375.59,0
2025-11-04 14:24:49,16.55,29.18,10.63,46.91,628.33,1
2025-11-04 14:24:49,22.38,26.27,34.06,92.88,108.34,0
2025-11-04 14:24:49,30.25,24.15,70.11,44.07,974.92,2
2025-11-04 14:24:49,20.97,22.25,43.48,84.87,505.08,0
2025-11-04 14:24:49,26.8,28.33,65.05,44.0,524.41,0
2025-11-04 14:24:49,37.43,31.52,46.16,92.97,990.63,0
2025-11-04 14:24:49,30.94,24.63,52.8,31.14,708.79,0
2025-11-04 14:24:49,31.12,39.95,29.39,35.77,1129.62,1
2025-11-04 14:24:49,21.14,23.35,11.44,44.15,800.89,1
2025-11-04 14:24:49,24.75,20.41,34.13,90.78,953.66,0
2025-11-04 14:24:49,31.91,35.5,87.76,73.2,369.61,2
2025-11-04 14:24:49,16.67,37.54,72.68,68.69,621.92,2
2025-11-04 14:24:49,17.56,28.59,24.72,72.1,246.78,1
2025-11-04 14:24:49,28.0,26.05,28.97,64.22,835.38,1
2025-11-04 14:24:49,35.4,21.62,13.53,54.79,988.44,1
2025-11-04 14:24:49,37.29,39.09,73.03,49.17,648.39,2
2025-11-04 14:24:49,33.99,36.24,35.82,35.61,347.63,0
2025-11-04 14:24:49,27.25,30.68,29.74,83.77,180.91,1
2025-11-04 14:24:49,23.7,41.74,37.02,43.7,916.3,0
2025-11-04 14:24:49,27.35,33.4,14.04,88.74,271.47,1
2025-11-04 14:24:49,23.78,31.12,21.16,46.81,237.31,1
2025-11-04 14:24:49,15.58,30.57,89.0,49.84,290.71,2
2025-11-04 14:24:49,20.0,38.59,78.44,55.32,403.8,2
2025-11-04 14:24:49,16.67,34.14,53.57,63.07,1069.36,0
2025-11-04 14:24:49,29.94,27.98,86.65,56.94,815.55,2
2025-11-04 14:24:49,15.49,19.59,78.4,65.81,312.58,2
2025-11-04 14:24:49,22.34,38.9,64.7,75.8,727.17,0
2025-11-04 14:24:49,16.12,37.43,75.37,66.58,478.33,2
2025-11-04 14:24:49,21.65,19.71,43.9,72.55,650.2,0
2025-11-04 14:24:49,30.39,19.18,38.62,60.13,266.07,0
2025-11-04 14:24:49,26.65,20.68,25.5,73.6,773.92,1
2025-11-04 14:24:49,33.17,31.04,13.36,93.69,204.0,1
2025-11-04 14:24:49,18.13,29.28,71.86,65.78,757.97,2
2025-11-04 14:24:49,18.08,20.07,16.24,89.52,611.41,1
2025-11-04 14:24:49,26.6,28.12,56.66,44.63,507.51,0
2025-11-04 14:24:49,36.25,29.14,57.98,74.7,499.44,0
2025-11-04 14:24:49,36.88,27.97,39.85,85.62,299.19,0
2025-11-04 14:24:49,17.42,40.91,45.68,55.86,461.06,0
2025-11-04 14:24:49,31.34,27.78,40.86,60.42,311.47,0
2025-11-04 14:24:49,31.86,28.82,33.15,37.98,830.5,0
2025-11-04 14:24:49,35.02,18.11,44.79,90.17,849.8,0
2025-11-04 14:24:49,29.18,24.53,18.76,69.55,751.63,1
2025-11-04 14:24:49,27.23,18.6,44.76,88.0,255.93,0
2025-11-04 14:24:49,26.29,29.01,22.3,35.84,1178.86,1
2025-11-04 14:24:49,27.46,38.93,65.31,65.46,596.43,0
2025-11-04 14:24:49,20.45,23.72,79.05,84.99,321.64,2
2025-11-04 14:24:49,18.99,22.82,32.14,52.23,902.15,0
2025-11-04 14:24:49,34.01,24.37,77.02,74.73,198.26,2
2025-11-04 14:24:49,21.15,39.49,37.78,78.96,1057.91,0
2025-11-04 14:24:49,17.63,35.78,29.7,67.28,838.25,1
2025-11-04 14:24:49,29.08,31.66,88.72,55.87,345.47,2
2025-11-04 14:24:49,19.53,40.11,37.28,76.24,455.66,0
2025-11-04 14:24:49,25.91,30.25,22.28,60.48,338.61,1
2025-11-04 14:24:49,16.14,29.56,36.43,76.49,651.72,0
2025-11-04 14:24:49,27.96,18.14,18.48,57.06,388.88,1
2025-11-04 14:24:49,35.62,22.87,80.27,76.81,426.76,2
2025-11-04 14:24:49,26.27,38.24,82.95,81.48,393.89,2
2025-11-04 14:24:49,36.21,21.73,22.24,78.59,698.18,1
2025-11-04 14:24:49,36.01,40.09,53.52,61.11,441.29,0
2025-11-04 14:24:49,22.95,34.5,32.92,89.99,409.96,0
2025-11-04 14:24:49,16.69,27.19,60.08,41.32,782.57,0
2025-11-04 14:24:49,26.21,21.78,88.11,43.75,357.16,2
2025-11-04 14:24:49,20.59,19.34,61.43,91.63,1169.54,0
2025-11-04 14:24:49,17.42,27.91,55.87,47.39,693.41,0
2025-11-04 14:24:49,32.32,20.15,46.76,71.78,1172.92,0
2025-11-04 14:24:49,34.46,31.65,35.94,90.77,747.06,0
2025-11-04 14:24:49,20.65,24.0,11.9,37.08,1043.45,1
2025-11-04 14:24:49,15.73,36.17,72.68,31.72,684.57,2
2025-11-04 14:24:49,30.03,26.07,48.82,36.77,247.63,0
2025-11-04 14:24:49,18.93,22.99,17.93,41.08,646.21,1
2025-11-04 14:24:49,27.88,21.91,76.3,70.0,806.53,2
2025-11-04 14:24:49,36.35,41.02,71.18,91.09,609.26,2
2025-11-04 14:24:49,27.88,26.14,80.15,72.32,571.89,2
2025-11-04 14:24:49,36.97,41.49,34.88,55.67,822.45,0
2025-11-04 14:24:49,21.58,38.82,56.88,89.31,243.03,0
2025-11-04 14:24:49,33.53,25.88,10.05,86.25,618.99,1
2025-11-04 14:24:49,34.02,26.29,19.8,82.37,499.23,1
2025-11-04 14:24:49,23.14,18.71,65.66,73.54,647.69,0
2025-11-04 14:24:49,27.49,33.89,63.56,48.77,511.78,0
2025-11-04 14:24:49,20.96,22.09,39.33,41.5,1137.36,0
2025-11-04 14:24:49,25.02,21.09,38.92,76.11,821.59,0
2025-11-04 14:24:49,28.8,18.13,53.36,81.33,219.07,0
2025-11-04 14:24:49,37.62,19.39,67.59,33.83,519.97,0
2025-11-04 14:24:49,23.66,35.5,39.52,46.91,720.18,0
2025-11-04 14:24:49,36.28,24.63,41.08,59.76,644.52,0
2025-11-04 14:24:49,22.73,31.18,39.17,57.05,858.17,0
2025-11-04 14:24:49,29.68,36.56,35.07,36.88,445.54,0
2025-11-04 14:24:49,22.9,30.84,32.66,78.66,698.57,0
2025-11-04 14:24:49,27.34,24.87,85.2,74.07,1123.4,2
2025-11-04 14:24:49,23.7,20.59,48.91,49.82,437.92,0
2025-11-04 14:24:49,15.38,39.61,17.01,33.16,271.21,1
2025-11-04 14:24:49,37.12,40.29,22.69,47.52,110.06,1
2025-11-04 14:24:49,24.51,26.31,24.44,44.59,435.62,1
2025-11-04 14:24:49,25.62,37.64,47.67,50.71,309.41,0
2025-11-04 14:24:49,16.05,41.35,60.98,74.26,537.58,0
2025-11-04 14:24:49,29.68,21.94,49.58,36.32,609.78,0
2025-11-04 14:24:49,20.62,25.18,50.97,71.55,347.48,0
2025-11-04 14:24:49,22.99,22.83,57.8,38.07,803.68,0
2025-11-04 14:24:49,32.71,29.82,36.11,61.83,194.38,0
2025-11-04 14:24:49,15.14,30.46,38.19,40.44,574.28,0
2025-11-04 14:24:49,36.34,29.18,22.33,86.39,138.79,1
2025-11-04 14:24:49,21.22,28.83,19.45,67.48,189.7,1
2025-11-04 14:24:49,21.33,20.63,53.01,77.56,1136.75,0
2025-11-04 14:24:49,23.22,38.74,20.57,91.44,1190.41,1
2025-11-04 14:24:49,34.7,34.65,59.81,88.89,861.08,0
2025-11-04 14:24:49,34.9,39.66,22.52,85.13,987.43,1
2025-11-04 14:24:49,29.72,39.12,36.64,71.09,739.76,0
2025-11-04 14:24:49,16.7,20.25,22.96,45.8,733.35,1
2025-11-04 14:24:49,16.54,20.2,74.38,66.3,591.96,2
2025-11-04 14:24:49,37.57,32.77,23.56,55.31,408.71,1
2025-11-04 14:24:49,30.09,20.84,60.38,40.45,1065.42,0
2025-11-04 14:24:49,18.15,26.83,63.4,69.53,718.79,0
2025-11-04 14:24:49,28.13,41.87,59.88,40.97,177.55,0
2025-11-04 14:24:49,29.53,24.08,42.26,54.32,347.59,0
2025-11-04 14:24:49,20.24,18.27,21.78,35.65,390.43,1
2025-11-04 14:24:49,15.94,22.05,64.25,43.13,990.32,0
2025-11-04 14:24:49,21.11,20.68,27.07,90.42,425.26,1
2025-11-04 14:24:49,35.63,27.12,76.49,86.53,255.48,2
2025-11-04 14:24:49,21.23,31.75,79.7,66.43,202.01,2
2025-11-04 14:24:49,33.36,18.33,61.12,84.76,1199.95,0
2025-11-04 14:24:49,29.88,29.58,68.2,54.8,1181.31,0
2025-11-04 14:24:49,25.04,19.26,24.35,79.67,672.31,1
2025-11-04 14:24:49,32.53,34.0,50.03,84.71,539.14,0
2025-11-04 14:24:49,34.94,19.83,73.77,73.82,785.46,2
2025-11-04 14:24:49,30.22,21.5,47.36,59.41,683.7,0
2025-11-04 14:24:49,28.15,40.66,75.81,71.54,812.53,2
2025-11-04 14:24:49,19.49,23.79,56.68,70.1,1061.48,0
2025-11-04 14:24:49,37.86,30.98,54.12,73.13,114.09,0
2025-11-04 14:24:49,21.75,30.69,56.09,50.43,695.14,0
2025-11-04 14:24:49,19.79,30.55,75.82,89.66,103.22,2
2025-11-04 14:24:49,27.94,18.3,61.91,34.5,264.56,0
2025-11-04 14:24:49,18.0,35.25,47.31,44.93,691.19,0
2025-11-04 14:24:49,18.44,33.05,86.96,52.78,631.82,2
2025-11-04 14:24:49,33.65,32.74,53.19,32.26,779.26,0
2025-11-04 14:24:49,36.8,23.24,16.59,71.61,539.93,1
2025-11-04 14:24:49,32.8,37.93,28.61,86.85,462.26,1
2025-11-04 14:24:49,24.02,37.4,63.75,66.77,981.95,0
2025-11-04 14:24:49,27.5,23.06,49.27,87.9,220.19,0
2025-11-04 14:24:49,15.84,24.98,33.29,92.41,422.71,0
2025-11-04 14:24:49,18.51,41.53,66.12,81.0,1072.08,0
2025-11-04 14:24:49,23.27,26.93,58.52,44.21,223.76,0
2025-11-04 14:24:49,37.21,41.7,49.16,68.7,915.06,0
2025-11-04 14:24:49,16.78,39.82,83.7,80.74,331.41,2
2025-11-04 14:24:49,34.63,38.96,88.33,70.33,653.1,2
2025-11-04 14:24:49,37.95,25.74,83.2,50.7,1041.49,2
2025-11-04 14:24:49,35.63,27.59,66.8,80.11,780.23,0
2025-11-04 14:24:49,17.97,37.77,24.93,85.35,925.0,1
2025-11-04 14:24:49,26.88,41.19,20.71,71.0,827.13,1
2025-11-04 14:24:49,16.37,20.54,21.11,90.93,794.03,1
2025-11-04 14:24:49,23.83,39.41,76.22,83.48,944.16,2
2025-11-04 14:24:49,31.86,31.65,72.34,50.96,796.27,2
2025-11-04 14:24:49,19.99,28.35,52.93,82.22,786.42,0
2025-11-04 14:24:49,21.64,27.82,15.28,82.59,227.77,1
2025-11-04 14:24:49,15.69,27.43,34.5,94.34,183.0,0
2025-11-04 14:24:49,31.8,41.03,54.22,53.42,459.16,0
2025-11-04 14:24:49,24.33,19.94,55.15,31.98,190.75,0
2025-11-04 14:24:49,25.4,24.71,82.94,59.78,1070.67,2
2025-11-04 14:24:49,34.81,29.1,22.74,42.49,1120.42,1
2025-11-04 14:24:49,32.6,39.62,37.49,88.24,1159.39,0
2025-11-04 14:24:49,22.85,32.2,38.99,44.64,846.53,0
2025-11-04 14:24:49,19.34,36.45,82.62,72.92,419.16,2
2025-11-04 14:24:49,21.28,24.66,50.66,47.73,245.68,0
2025-11-04 14:24:49,31.14,33.01,51.36,43.95,516.6,0
2025-11-04 14:24:49,34.22,35.96,40.64,42.63,786.91,0
2025-11-04 14:24:49,21.72,19.15,16.66,39.09,1186.21,1
2025-11-04 14:24:49,30.52,39.03,53.87,64.81,1067.91,0
2025-11-04 14:24:49,25.46,33.78,78.82,53.41,547.07,2
2025-11-04 14:24:49,17.07,25.33,23.79,80.16,1000.84,1
2025-11-04 14:24:49,18.35,33.21,82.38,35.63,923.75,2
2025-11-04 14:24:49,36.63,40.79,41.8,67.61,796.62,0
2025-11-04 14:24:49,34.03,30.44,29.17,41.3,928.95,1
2025-11-04 14:24:49,17.69,18.84,54.76,94.53,177.56,0
2025-11-04 14:24:49,19.81,29.56,61.32,57.56,522.16,0
2025-11-04 14:24:49,18.87,37.19,80.81,83.95,438.8,2
2025-11-04 14:24:49,21.18,27.32,60.7,82.58,473.81,0
2025-11-04 14:24:49,22.12,35.24,80.53,49.2,1184.91,2
2025-11-04 14:24:49,27.42,39.42,82.71,55.07,263.91,2
2025-11-04 14:24:49,19.18,24.81,88.87,56.33,337.68,2
2025-11-04 14:24:49,15.89,33.83,38.61,33.45,370.0,0
2025-11-04 14:24:49,24.39,21.87,11.97,51.73,705.06,1
2025-11-04 14:24:49,37.38,33.46,78.85,70.25,804.47,2
2025-11-04 14:24:49,25.56,27.0,67.09,80.35,766.97,0
2025-11-04 14:24:49,16.83,27.62,64.11,68.36,286.37,0
2025-11-04 14:24:49,17.19,24.02,42.71,76.25,1175.77,0
2025-11-04 14:24:49,31.76,29.53,89.65,52.26,506.45,2
2025-11-04 14:24:49,25.11,37.91,25.5,78.75,752.76,1
2025-11-04 14:24:49,23.75,19.76,65.98,48.24,667.89,0
2025-11-04 14:24:49,32.47,21.78,58.39,51.81,1134.8,0
2025-11-04 14:24:49,25.88,36.02,57.15,85.33,103.19,0
2025-11-04 14:24:49,22.88,23.56,88.29,90.97,1135.66,2
2025-11-04 14:24:49,22.7,31.28,24.38,62.48,586.77,1
2025-11-04 14:24:49,35.55,31.8,24.54,77.94,533.76,1
2025-11-04 14:24:49,18.41,38.05,71.36,73.0,946.6,2
2025-11-04 14:24:49,15.28,21.96,34.5,59.98,706.64,0
2025-11-04 14:24:49,34.41,20.83,19.19,48.38,879.73,1
2025-11-04 14:24:49,24.97,24.86,84.25,40.22,460.48,2
2025-11-04 14:24:49,31.31,41.85,89.39,66.12,710.25,2
2025-11-04 14:24:49,35.96,39.15,67.09,32.26,306.77,0
2025-11-04 14:24:49,18.12,39.7,74.87,46.17,160.21,2
2025-11-04 14:24:49,28.76,18.78,15.15,84.9,147.3,1
2025-11-04 14:24:49,19.93,36.71,58.38,58.67,368.57,0
2025-11-04 14:24:49,35.8,38.21,41.35,57.15,817.85,0
2025-11-04 14:24:49,21.25,27.49,13.45,94.96,442.03,1
2025-11-04 14:24:49,26.97,31.05,70.2,52.11,1076.16,2
2025-11-04 14:24:49,26.32,30.37,78.47,61.35,660.27,2
2025-11-04 14:24:49,31.55,31.92,50.4,31.06,1083.24,0
2025-11-04 14:24:49,36.44,39.01,70.58,40.08,1134.86,2
2025-11-04 14:24:49,20.44,27.44,57.27,63.99,919.02,0
2025-11-04 14:24:49,26.04,24.09,24.8,94.67,958.35,1
2025-11-04 14:24:49,34.02,31.25,88.87,81.23,672.11,2
2025-11-04 14:24:49,25.55,38.71,55.8,42.58,789.1,0
2025-11-04 14:24:49,32.78,38.15,43.28,30.5,805.27,0
2025-11-04 14:24:49,16.43,35.68,71.73,64.71,365.54,2
2025-11-04 14:24:49,15.07,33.01,17.14,92.81,858.37,1
2025-11-04 14:24:49,23.2,23.17,54.89,47.03,442.83,0
2025-11-04 14:24:49,37.02,32.3,58.98,46.71,266.48,0
2025-11-04 14:24:49,20.08,38.78,29.39,64.72,284.07,1
2025-11-04 14:24:49,21.56,33.15,44.27,44.11,794.34,0
2025-11-04 14:24:49,36.17,21.69,40.26,92.15,587.41,0
2025-11-04 14:24:49,27.62,24.69,89.66,35.15,241.95,2
2025-11-04 14:24:49,18.34,32.18,84.18,78.99,349.22,2
2025-11-04 14:24:49,34.32,28.34,23.66,86.09,709.01,1
2025-11-04 14:24:49,30.8,22.73,50.6,36.73,419.71,0
2025-11-04 14:24:49,18.19,30.31,79.1,65.44,290.25,2
2025-11-04 14:24:49,24.44,33.18,79.8,33.87,186.27,2
2025-11-04 14:24:49,22.48,25.12,89.46,71.22,1068.32,2
2025-11-04 14:24:49,32.22,40.72,56.6,53.96,617.21,0
2025-11-04 14:24:49,24.18,20.41,43.16,74.43,380.35,0
2025-11-04 14:24:49,36.5,34.94,24.04,61.53,965.6,1
2025-11-04 14:24:49,29.3,23.03,87.0,48.68,409.09,2
2025-11-04 14:24:49,31.7,23.88,17.07,74.57,283.64,1
2025-11-04 14:24:49,34.0,33.68,65.52,67.61,911.5,0
2025-11-04 14:24:49,26.43,22.47,53.89,66.43,137.42,0
2025-11-04 14:24:49,23.43,22.3,40.63,57.13,475.25,0
2025-11-04 14:24:49,15.36,23.62,68.79,37.82,1080.06,0
2025-11-04 14:24:49,35.31,18.57,10.69,82.26,1187.17,1
2025-11-04 14:24:49,17.39,24.73,21.08,80.72,181.66,1
2025-11-04 14:24:49,37.82,19.84,44.03,68.98,127.23,0
2025-11-04 14:24:49,24.09,33.11,10.34,94.65,190.76,1
2025-11-04 14:24:49,29.5,26.97,59.36,63.67,738.23,0
2025-11-04 14:24:49,23.1,38.41,13.56,43.32,1171.82,1
2025-11-04 14:24:49,16.91,22.95,60.28,66.36,600.13,0
2025-11-04 14:24:49,35.17,41.7,52.86,30.08,1020.32,0
2025-11-04 14:24:49,37.79,22.01,10.49,87.13,981.39,1
2025-11-04 14:24:49,31.78,39.95,56.1,78.16,773.33,0
2025-11-04 14:24:49,32.07,18.02,59.45,92.25,858.47,0
2025-11-04 14:24:49,30.08,41.51,60.06,88.18,608.28,0
2025-11-04 14:24:49,17.62,39.54,28.85,65.27,1054.59,1
2025-11-04 14:24:49,34.39,24.16,89.42,51.44,350.43,2
2025-11-04 14:24:49,32.45,24.47,31.85,94.62,1028.69,0
2025-11-04 14:24:49,15.41,27.02,33.67,92.15,105.91,0
2025-11-04 14:24:49,23.11,18.79,73.25,32.63,962.74,2
2025-11-04 14:24:49,35.76,30.69,83.78,54.21,443.66,2
2025-11-04 14:24:49,23.14,41.99,87.05,70.7,826.62,2
2025-11-04 14:24:49,26.39,37.83,70.34,56.37,1051.84,2
2025-11-04 14:24:49,35.5,34.3,18.88,30.43,862.83,1
2025-11-04 14:24:49,23.91,27.1,34.55,40.16,151.08,0
2025-11-04 14:24:49,15.28,30.78,34.54,69.22,650.8,0
2025-11-04 14:24:49,25.28,34.7,23.25,86.98,954.67,1
2025-11-04 14:24:49,27.44,33.51,16.5,70.69,180.54,1
2025-11-04 14:24:49,23.42,30.85,43.03,54.47,750.62,0
2025-11-04 14:24:49,35.4,24.51,71.49,89.25,937.5,2
2025-11-04 14:24:49,28.19,19.66,50.48,46.23,483.0,0
2025-11-04 14:24:49,15.56,24.81,37.16,81.25,893.21,0
2025-11-04 14:24:49,20.97,29.73,23.21,80.42,1119.59,1
2025-11-04 14:24:49,30.85,31.91,76.04,36.21,384.96,2
2025-11-04 14:24:49,27.24,33.04,55.06,91.5,203.14,0
2025-11-04 14:24:49,23.75,23.19,41.83,67.58,928.78,0
2025-11-04 14:24:49,15.99,39.28,50.99,83.29,791.4,0
2025-11-04 14:24:49,19.52,40.52,49.09,40.07,674.08,0
2025-11-04 14:24:49,28.12,36.57,83.77,30.32,336.15,2
2025-11-04 14:24:49,30.74,23.28,47.5,72.86,273.1,0
2025-11-04 14:24:49,16.73,28.46,13.59,79.6,1168.44,1
2025-11-04 14:24:49,24.0,31.71,41.99,62.83,437.1,0
2025-11-04 14:24:49,16.86,39.61,15.0,62.58,326.76,1
2025-11-04 14:24:49,36.39,25.08,20.64,58.88,795.53,1
2025-11-04 14:24:49,17.16,26.0,26.3,30.5,663.86,1
2025-11-04 14:24:49,37.73,41.51,74.33,53.65,618.02,2
2025-11-04 14:24:49,32.62,39.47,67.6,70.53,306.54,0
2025-11-04 14:24:49,26.94,34.66,54.88,55.09,445.85,0
2025-11-04 14:24:49,18.07,30.05,74.15,61.61,1027.87,2
2025-11-04 14:24:49,32.48,40.57,18.71,75.84,181.74,1
2025-11-04 14:24:49,23.37,23.35,17.17,78.76,845.92,1
2025-11-04 14:24:49,22.9,30.27,50.24,67.15,433.08,0
2025-11-04 14:24:49,20.5,22.01,62.03,37.45,449.91,0
2025-11-04 14:24:49,31.42,29.52,57.94,33.07,579.82,0
2025-11-04 14:24:49,37.14,40.82,46.33,62.34,799.79,0
2025-11-04 14:24:49,34.72,36.71,53.68,39.67,1187.99,0
2025-11-04 14:24:49,26.24,24.85,73.05,40.92,1009.27,2
2025-11-04 14:24:49,21.39,34.09,69.78,91.51,498.23,0
2025-11-04 14:24:49,16.85,27.74,80.59,68.09,216.62,2
2025-11-04 14:24:49,25.71,40.49,28.83,57.56,458.79,1
2025-11-04 14:24:49,20.56,36.9,14.7,63.24,920.72,1
2025-11-04 14:24:49,15.48,27.46,29.12,46.25,931.7,1
2025-11-04 14:24:49,30.3,40.23,82.37,45.25,537.97,2
2025-11-04 14:24:49,37.67,25.03,38.54,54.13,336.99,0
2025-11-04 14:24:49,26.65,19.39,50.98,64.13,505.45,0
2025-11-04 14:24:49,24.95,29.94,22.35,30.47,772.43,1
2025-11-04 14:24:49,31.15,33.29,50.87,76.04,554.37,0
2025-11-04 14:24:49,21.79,28.49,39.28,90.97,1157.64,0
2025-11-04 14:24:49,17.92,31.43,54.74,86.36,713.7,0
2025-11-04 14:24:49,30.61,39.31,26.81,39.55,118.98,1
2025-11-04 14:24:49,35.64,21.77,86.04,86.07,369.95,2
2025-11-04 14:24:49,15.53,40.66,21.4,56.81,197.34,1
2025-11-04 14:24:49,21.85,40.03,72.88,44.8,612.83,2
2025-11-04 14:24:49,22.59,24.46,18.25,91.86,1036.94,1
2025-11-04 14:24:49,28.78,26.04,45.57,74.08,137.66,0
2025-11-04 14:24:49,25.03,21.99,22.44,32.64,1182.67,1
2025-11-04 14:24:49,19.78,31.87,42.35,93.65,601.97,0
2025-11-04 14:24:49,24.64,30.12,24.2,66.22,305.96,1
2025-11-04 14:24:49,27.27,19.23,62.61,90.2,917.66,0
2025-11-04 14:24:49,34.6,36.2,35.98,83.15,609.78,0
2025-11-04 14:24:49,31.29,33.18,81.58,34.12,985.25,2
2025-11-04 14:24:49,23.73,25.19,19.44,80.08,445.36,1
2025-11-04 14:24:49,17.29,36.17,39.45,87.6,384.35,0
2025-11-04 14:24:49,17.94,18.54,85.12,72.13,769.2,2
2025-11-04 14:24:49,32.34,35.42,16.71,41.9,985.87,1
2025-11-04 14:24:49,27.22,32.2,22.9,43.07,1031.72,1
2025-11-04 14:24:49,19.23,27.47,83.72,38.68,198.12,2
2025-11-04 14:24:49,31.11,40.95,82.88,56.52,491.35,2
2025-11-04 14:24:49,34.5,18.31,55.96,40.29,514.44,0
2025-11-04 14:24:49,30.46,39.24,30.22,32.04,148.36,0
2025-11-04 14:24:49,19.55,40.94,59.61,72.4,628.1,0
2025-11-04 14:24:49,15.89,18.05,61.7,44.21,720.37,0
2025-11-04 14:24:49,26.6,26.11,49.99,68.37,513.61,0
2025-11-04 14:24:49,37.13,31.0,11.18,77.66,505.24,1
2025-11-04 14:24:49,31.08,25.83,23.5,91.52,922.41,1
2025-11-04 14:24:49,31.15,35.12,60.98,75.96,374.38,0
2025-11-04 14:24:49,28.16,19.72,40.99,82.31,1041.32,0
2025-11-04 14:24:49,18.04,35.4,12.48,76.02,924.68,1
2025-11-04 14:24:49,17.71,30.11,25.97,70.27,1085.71,1
2025-11-04 14:24:49,17.61,18.73,23.47,48.89,849.71,1
2025-11-04 14:24:49,35.62,39.75,67.9,56.35,894.97,0
2025-11-04 14:24:49,15.29,36.57,18.69,61.08,975.05,1
2025-11-04 14:24:49,19.75,21.94,29.89,38.39,257.71,1
2025-11-04 14:24:49,19.75,20.87,56.06,59.3,179.56,0
2025-11-04 14:24:49,22.45,36.28,15.62,76.5,986.32,1
2025-11-04 14:24:49,25.11,18.68,33.53,71.18,1155.59,0
2025-11-04 14:24:49,35.3,36.48,18.1,86.96,461.53,1
2025-11-04 14:24:49,17.17,30.4,28.82,36.18,1113.55,1
2025-11-04 14:24:49,31.58,29.4,63.92,87.41,1037.62,0
2025-11-04 14:24:49,16.21,24.82,31.12,64.16,844.09,0
2025-11-04 14:24:49,30.09,32.73,72.61,90.28,716.31,2
2025-11-04 14:24:49,16.94,28.73,79.8,47.63,818.34,2
2025-11-04 14:24:49,23.2,31.72,34.63,42.82,879.01,0
2025-11-04 14:24:49,22.98,23.27,40.96,49.91,929.01,0
2025-11-04 14:24:49,17.64,27.92,44.05,42.99,867.87,0
2025-11-04 14:24:49,18.07,26.63,72.85,63.88,821.18,2
2025-11-04 14:24:49,34.85,31.87,25.62,60.54,901.1,1
2025-11-04 14:24:49,36.52,26.04,16.41,74.37,709.02,1
2025-11-04 14:24:49,19.8,28.86,65.57,76.99,1145.44,0
2025-11-04 14:24:49,32.28,25.68,69.64,63.89,680.42,0
2025-11-04 14:24:49,22.89,27.06,72.26,32.83,423.9,2
2025-11-04 14:24:49,18.07,21.55,38.73,52.33,521.9,0
2025-11-04 14:24:49,19.61,25.75,20.81,53.05,501.2,1
2025-11-04 14:24:49,25.57,31.62,76.13,51.43,719.74,2
2025-11-04 14:24:49,35.82,34.42,82.21,42.83,196.64,2
2025-11-04 14:24:49,25.52,21.18,62.75,75.12,766.46,0
2025-11-04 14:24:49,30.28,34.9,73.54,58.3,960.03,2
2025-11-04 14:24:49,30.07,21.07,28.1,65.28,804.2,1
2025-11-04 14:24:49,22.63,34.06,61.89,69.0,633.1,0
2025-11-04 14:24:49,28.0,26.66,63.04,68.82,158.1,0
2025-11-04 14:24:49,22.68,23.01,13.61,52.61,473.32,1
2025-11-04 14:24:49,17.34,38.44,62.4,48.21,501.35,0
2025-11-04 14:24:49,22.26,30.14,15.52,42.9,239.21,1
2025-11-04 14:24:49,21.43,33.61,36.5,32.65,530.78,0
2025-11-04 14:24:49,20.18,25.06,73.99,34.8,270.47,2
2025-11-04 14:24:49,31.84,23.73,59.41,41.83,300.19,0
2025-11-04 14:24:49,17.45,27.39,39.7,56.42,806.71,0
2025-11-04 14:24:49,36.19,26.68,49.83,81.38,244.0,0
2025-11-04 14:24:49,30.21,35.21,77.56,31.64,149.42,2
2025-11-04 14:24:49,19.0,20.16,18.23,42.15,1148.41,1
2025-11-04 14:24:49,24.18,41.58,81.07,91.21,475.66,2
2025-11-04 14:24:49,34.91,31.47,53.29,53.79,681.9,0
2025-11-04 14:24:49,31.79,19.67,38.31,51.18,1132.97,0
2025-11-04 14:24:49,19.11,20.86,46.34,92.88,1052.93,0
2025-11-04 14:24:49,21.26,21.17,64.32,31.52,803.14,0
2025-11-04 14:24:49,21.44,32.21,45.91,31.64,1096.42,0
2025-11-04 14:24:49,30.41,30.45,15.26,34.55,480.76,1
2025-11-04 14:24:49,23.78,32.94,19.36,34.79,302.87,1
2025-11-04 14:24:49,30.94,37.52,78.1,69.15,928.04,2
2025-11-04 14:24:49,36.41,36.62,52.05,65.02,422.38,0
2025-11-04 14:24:49,21.72,19.65,84.34,91.79,1197.18,2
2025-11-04 14:24:49,24.06,33.42,24.32,86.77,685.31,1
2025-11-04 14:24:49,19.56,28.17,24.91,88.37,593.07,1
2025-11-04 14:24:49,25.91,34.75,58.25,84.51,489.47,0
2025-11-04 14:24:49,15.09,31.72,19.21,58.55,810.35,1
2025-11-04 14:24:49,17.59,40.28,27.55,62.78,392.86,1
2025-11-04 14:24:49,24.36,32.38,68.76,63.21,365.88,0
2025-11-04 14:24:49,20.65,40.93,22.24,86.97,302.37,1
2025-11-04 14:24:49,25.13,26.76,80.43,40.88,1151.75,2
2025-11-04 14:24:49,22.26,21.02,51.63,92.29,269.02,0
2025-11-04 14:24:49,29.18,32.31,46.16,75.74,982.58,0
2025-11-04 14:24:49,27.74,19.08,17.17,79.51,552.16,1
2025-11-04 14:24:49,30.22,39.25,37.76,64.0,440.87,0
2025-11-04 14:24:49,34.85,40.93,54.07,75.25,114.03,0
2025-11-04 14:24:49,35.44,18.63,53.32,45.15,638.32,0
2025-11-04 14:24:49,36.05,24.84,42.58,77.05,1009.8,0
2025-11-04 14:24:49,35.69,32.77,21.37,61.37,490.03,1
2025-11-04 14:24:49,29.31,28.53,44.47,89.97,851.06,0
2025-11-04 14:24:49,24.35,26.89,85.37,72.02,740.12,2
2025-11-04 14:24:49,37.02,31.71,86.12,88.93,370.75,2
2025-11-04 14:24:49,34.36,40.79,51.65,65.13,228.28,0
2025-11-04 14:24:49,35.52,20.91,54.55,34.98,1074.16,0
2025-11-04 14:24:49,20.64,31.88,57.92,87.96,1073.52,0
2025-11-04 14:24:49,24.89,37.76,38.5,70.39,976.24,0
2025-11-04 14:24:49,28.47,34.94,79.66,32.9,1117.5,2
2025-11-04 14:24:49,18.74,38.06,18.08,86.9,719.7,1
2025-11-04 14:24:49,20.82,41.92,78.41,57.12,514.12,2
2025-11-04 14:24:49,36.52,36.96,71.19,67.01,881.87,2
2025-11-04 14:24:49,18.6,21.44,14.14,68.04,565.86,1
2025-11-04 14:24:49,18.58,26.26,35.34,48.05,646.37,0
2025-11-04 14:24:49,27.75,29.56,13.23,33.8,1036.58,1
2025-11-04 14:24:49,28.56,37.93,23.05,82.23,924.81,1
2025-11-04 14:24:49,22.17,31.14,44.93,36.86,110.13,0
2025-11-04 14:24:49,35.74,29.22,33.63,47.47,206.96,0
2025-11-04 14:24:49,19.58,37.1,29.73,30.78,613.72,1
2025-11-04 14:24:49,33.49,41.45,46.3,66.47,890.42,0
2025-11-04 14:24:49,23.67,30.93,89.76,89.2,853.51,2
2025-11-04 14:24:49,16.15,26.77,29.09,69.25,292.56,1
2025-11-04 14:24:49,37.13,24.18,77.05,93.4,415.69,2
2025-11-04 14:24:49,28.69,30.04,54.68,92.13,1140.73,0
2025-11-04 14:24:49,30.98,40.88,38.35,83.98,649.64,0
2025-11-04 14:24:49,18.31,27.07,86.34,46.7,769.62,2
2025-11-04 14:24:49,22.0,18.5,61.89,61.44,776.51,0
2025-11-04 14:24:49,25.18,20.63,52.07,40.36,749.41,0
2025-11-04 14:24:49,20.93,28.88,64.95,61.1,404.27,0
2025-11-04 14:24:49,24.36,39.93,58.06,63.6,279.17,0
2025-11-04 14:24:49,20.79,34.11,28.6,34.98,195.6,1
2025-11-04 14:24:49,22.5,31.49,82.76,91.63,709.35,2
2025-11-04 14:24:49,29.31,30.65,10.23,54.66,463.47,1
2025-11-04 14:24:49,31.05,20.63,86.51,49.07,421.31,2
2025-11-04 14:24:49,17.81,29.72,64.16,82.16,285.34,0
2025-11-04 14:24:49,15.38,30.85,54.21,77.15,221.58,0
2025-11-04 14:24:49,16.75,22.84,20.79,79.87,168.7,1
2025-11-04 14:24:49,30.34,20.71,28.16,30.07,417.42,1
2025-11-04 14:24:49,30.06,32.38,86.46,39.02,718.11,2
2025-11-04 14:24:49,15.44,41.43,37.25,45.89,676.59,0
2025-11-04 14:24:49,30.79,35.73,58.71,46.01,208.73,0
2025-11-04 14:24:49,37.62,41.7,38.67,78.65,356.47,0
2025-11-04 14:24:49,23.66,28.98,31.64,78.82,388.04,0
2025-11-04 14:24:49,34.29,40.53,12.83,61.47,1173.26,1
2025-11-04 14:24:49,31.25,26.44,43.05,60.22,571.41,0
2025-11-04 14:24:49,18.03,28.27,14.13,82.59,571.74,1
2025-11-04 14:24:49,32.91,28.23,27.44,85.43,113.87,1
2025-11-04 14:24:49,30.07,32.16,57.48,44.94,1190.51,0
2025-11-04 14:24:49,37.28,38.09,10.19,33.39,506.59,1
2025-11-04 14:24:49,31.26,19.1,23.6,35.89,447.62,1
2025-11-04 14:24:49,19.76,35.11,65.45,67.46,579.65,0
2025-11-04 14:24:49,29.86,39.95,43.96,63.38,803.73,0
2025-11-04 14:24:49,18.1,24.33,80.9,56.97,972.82,2
2025-11-04 14:24:49,26.99,32.49,11.75,58.18,797.87,1
2025-11-04 14:24:49,32.13,30.08,37.35,40.17,902.84,0
2025-11-04 14:24:49,19.73,20.91,83.14,64.57,817.61,2
2025-11-04 14:24:49,33.75,19.4,87.13,62.19,286.16,2
2025-11-04 14:24:49,32.35,34.01,74.19,64.09,331.73,2
2025-11-04 14:24:49,24.82,40.23,81.63,77.91,409.06,2
2025-11-04 14:24:49,21.13,35.14,86.52,91.05,1191.24,2
2025-11-04 14:24:49,28.89,25.56,71.33,89.31,335.89,2
2025-11-04 14:24:49,19.01,36.75,56.67,70.65,817.5,0
2025-11-04 14:24:49,26.96,35.93,89.12,30.57,214.25,2
2025-11-04 14:24:49,18.92,24.22,48.65,57.18,1111.6,0
2025-11-04 14:24:49,17.72,40.01,35.65,71.59,885.81,0
2025-11-04 14:24:49,15.7,41.62,27.64,54.14,888.49,1
2025-11-04 14:24:49,26.33,41.0,77.57,58.24,794.38,2
2025-11-04 14:24:49,18.68,23.58,24.64,78.08,535.66,1
2025-11-04 14:24:49,32.16,41.81,82.7,44.73,1177.94,2
2025-11-04 14:24:49,29.79,23.53,87.6,58.89,818.57,2
2025-11-04 14:24:49,31.62,18.69,65.01,74.86,833.12,0
2025-11-04 14:24:49,27.12,27.86,15.77,36.61,653.19,1
2025-11-04 14:24:49,29.97,34.9,23.54,75.55,755.31,1
2025-11-04 14:24:49,22.51,39.01,17.25,69.02,822.23,1
2025-11-04 14:24:49,15.24,41.98,74.51,87.35,496.03,2
2025-11-04 14:24:49,31.22,25.03,55.97,88.21,180.87,0
2025-11-04 14:24:49,17.85,28.79,43.15,40.22,622.77,0
2025-11-04 14:24:49,23.29,40.36,88.72,42.75,244.8,2
2025-11-04 14:24:49,16.22,36.8,89.21,30.23,617.65,2
2025-11-04 14:24:49,24.5,32.01,74.16,82.85,104.0,2
2025-11-04 14:24:49,23.19,22.85,65.41,40.18,909.23,0
2025-11-04 14:24:49,16.13,30.86,28.7,64.74,726.99,1
2025-11-04 14:24:49,30.41,33.78,33.82,50.06,185.31,0
2025-11-04 14:24:49,24.1,35.64,45.86,82.41,177.75,0
2025-11-04 14:24:49,15.58,28.0,14.84,58.02,554.28,1
2025-11-04 14:24:49,32.52,29.47,68.15,43.71,353.96,0
2025-11-04 14:24:49,36.9,31.31,17.32,36.89,440.09,1
2025-11-04 14:24:49,18.88,41.53,58.55,87.18,776.36,0
2025-11-04 14:24:49,24.27,34.94,40.5,32.51,878.31,0
2025-11-04 14:24:49,20.94,25.16,66.3,93.18,1138.05,0
2025-11-04 14:24:49,23.38,25.55,53.12,91.41,213.72,0
2025-11-04 14:24:49,27.12,23.34,20.81,56.07,329.15,1
2025-11-04 14:24:49,23.11,32.58,56.29,49.15,652.13,0
2025-11-04 14:24:49,25.83,27.3,36.93,60.16,339.27,0
2025-11-04 14:24:49,32.35,41.49,63.56,53.13,970.54,0
2025-11-04 14:24:49,25.75,38.65,79.41,34.71,202.19,2
2025-11-04 14:24:49,23.54,25.92,75.92,61.06,254.72,2
2025-11-04 14:24:49,25.88,38.9,63.94,34.87,883.69,0
2025-11-04 14:24:49,18.54,30.32,18.26,51.39,1176.12,1
2025-11-04 14:24:49,25.06,38.69,64.93,35.37,949.79,0
2025-11-04 14:24:49,36.15,18.64,79.8,53.33,424.62,2
2025-11-04 14:24:49,29.2,40.7,34.46,37.84,429.8,0
2025-11-04 14:24:49,21.61,40.86,84.26,42.85,621.97,2
2025-11-04 14:24:49,21.43,26.33,10.12,63.54,782.32,1
2025-11-04 14:24:49,21.34,19.31,61.95,41.84,1011.28,0
2025-11-04 14:24:49,34.08,30.07,35.16,73.79,844.82,0
2025-11-04 14:24:49,23.66,41.8,24.21,81.94,408.11,1
2025-11-04 14:24:49,32.35,22.27,13.41,55.07,615.67,1
2025-11-04 14:24:49,36.38,21.38,56.41,65.75,528.86,0
2025-11-04 14:24:49,26.73,38.83,72.19,84.99,589.44,2
2025-11-04 14:24:49,31.59,26.84,78.79,41.04,410.06,2
2025-11-04 14:24:49,37.13,35.66,75.55,63.42,846.72,2
2025-11-04 14:24:49,19.95,33.54,58.95,40.86,653.46,0
2025-11-04 14:24:49,26.47,27.17,15.93,40.52,957.35,1
2025-11-04 14:24:49,30.24,41.18,67.7,89.36,213.22,0
2025-11-04 14:24:49,16.06,40.42,15.4,58.05,1142.27,1
2025-11-04 14:24:49,15.49,38.72,33.34,74.98,903.13,0
2025-11-04 14:24:49,23.84,27.01,67.26,48.84,451.62,0
2025-11-04 14:24:49,26.48,37.36,30.98,53.31,929.21,0
2025-11-04 14:24:49,36.6,38.31,66.96,70.51,1155.9,0
2025-11-04 14:24:49,31.64,19.64,26.75,50.79,1047.86,1
2025-11-04 14:24:49,29.94,24.12,56.9,33.9,222.11,0
2025-11-04 14:24:49,15.22,26.75,76.3,78.67,720.72,2
2025-11-04 14:24:49,35.95,18.94,34.09,69.45,674.94,0
2025-11-04 14:24:49,33.73,36.86,81.84,33.61,404.91,2
2025-11-04 14:24:49,24.23,21.51,80.61,38.41,591.68,2
2025-11-04 14:24:49,27.3,27.55,19.08,94.13,143.81,1
2025-11-04 14:24:49,24.48,19.51,71.69,63.22,348.47,2
2025-11-04 14:24:49,22.46,31.96,84.16,47.58,754.33,2
2025-11-04 14:24:49,29.86,27.66,43.45,77.19,714.94,0
2025-11-04 14:24:49,19.8,18.76,83.53,41.78,951.0,2
2025-11-04 14:24:49,35.84,28.12,72.78,60.9,157.97,2
2025-11-04 14:24:49,37.61,29.92,54.23,66.37,358.03,0
2025-11-04 14:24:49,27.56,21.3,63.74,31.39,273.04,0
2025-11-04 14:24:49,37.44,18.14,47.52,74.4,879.26,0
2025-11-04 14:24:49,29.12,38.74,81.1,48.32,367.24,2
2025-11-04 14:24:49,33.95,33.21,35.54,83.56,147.25,0
2025-11-04 14:24:49,28.87,24.12,40.06,34.77,1037.5,0
2025-11-04 14:24:49,26.44,31.77,33.6,62.88,795.73,0
2025-11-04 14:24:49,31.09,32.48,26.1,68.08,641.64,1
2025-11-04 14:24:49,27.58,28.19,56.26,33.12,626.69,0
2025-11-04 14:24:49,19.96,38.74,76.44,71.05,193.99,2
2025-11-04 14:24:49,36.6,26.52,35.03,58.1,320.45,0
2025-11-04 14:24:49,18.04,36.97,32.98,92.62,686.21,0
2025-11-04 14:24:49,29.87,35.51,57.95,41.06,151.26,0
2025-11-04 14:24:49,22.04,38.61,89.02,67.01,901.16,2
2025-11-04 14:24:49,23.75,37.6,79.2,56.39,905.34,2
2025-11-04 14:24:49,16.55,31.97,32.35,39.64,698.5,0
2025-11-04 14:24:49,24.77,33.6,82.65,51.42,941.4,2
2025-11-04 14:24:49,18.11,27.95,45.33,72.2,411.36,0
2025-11-04 14:24:49,16.3,35.92,74.82,77.34,1120.48,2
2025-11-04 14:24:49,28.64,24.83,85.67,43.77,659.74,2
2025-11-04 14:24:49,32.75,19.84,20.58,40.47,396.55,1
2025-11-04 14:24:49,37.39,33.06,23.04,30.75,1127.74,1
2025-11-04 14:24:49,27.2,24.42,73.02,82.81,763.96,2
2025-11-04 14:24:49,17.17,27.1,77.1,68.35,907.34,2
2025-11-04 14:24:49,24.84,21.12,28.08,80.52,680.54,1
2025-11-04 14:24:49,31.07,26.51,49.87,72.09,1164.4,0
2025-11-04 14:24:49,27.8,33.74,26.84,55.09,1033.29,1
2025-11-04 14:24:49,23.27,21.99,29.01,90.04,1074.75,1
2025-11-04 14:24:49,31.65,30.79,48.76,90.06,753.8,0
2025-11-04 14:24:49,19.83,24.81,86.26,33.1,566.84,2
2025-11-04 14:24:49,16.5,21.19,30.98,75.67,938.95,0
2025-11-04 14:24:49,23.86,36.04,79.55,53.58,876.6,2
2025-11-04 14:24:49,18.38,36.0,72.28,71.39,889.41,2
2025-11-04 14:24:49,33.98,35.9,28.81,47.41,113.14,1
2025-11-04 14:24:49,23.69,30.48,41.39,76.9,845.27,0
2025-11-04 14:24:49,26.73,31.35,47.64,91.65,848.45,0
2025-11-04 14:24:49,22.94,29.62,48.98,30.57,895.96,0
2025-11-04 14:24:49,31.26,28.64,77.61,88.08,628.0,2
2025-11-04 14:24:49,32.1,36.94,81.15,50.87,492.49,2
2025-11-04 14:24:49,23.05,26.33,76.05,83.96,183.48,2
2025-11-04 14:24:49,35.15,31.89,86.89,42.02,382.63,2
2025-11-04 14:24:49,25.25,33.67,31.86,61.18,1072.93,0
2025-11-04 14:24:49,16.59,31.58,75.34,93.98,982.9,2
2025-11-04 14:24:49,22.1,18.43,23.45,78.35,324.09,1
2025-11-04 14:24:49,34.28,33.24,48.34,31.27,623.86,0
2025-11-04 14:24:49,19.97,25.71,12.33,74.78,539.33,1
2025-11-04 14:24:49,28.47,36.94,85.4,79.23,943.95,2
2025-11-04 14:24:49,24.98,23.17,27.53,41.48,1163.41,1
2025-11-04 14:24:49,30.64,18.8,68.37,88.93,1044.07,0
2025-11-04 14:24:49,18.8,29.01,89.46,73.29,523.94,2
2025-11-04 14:24:49,24.91,34.0,13.68,45.45,1023.03,1
2025-11-04 14:24:49,18.41,31.01,11.01,94.37,162.73,1
2025-11-04 14:24:49,32.25,41.87,12.42,81.5,562.78,1
2025-11-04 14:24:49,26.26,39.12,37.43,33.14,460.01,0
2025-11-04 14:24:49,15.36,29.71,65.84,84.21,296.42,0
2025-11-04 14:24:49,18.39,26.61,62.84,50.75,528.9,0
2025-11-04 14:24:49,22.45,32.27,75.11,38.26,161.03,2
2025-11-04 14:24:49,22.21,18.17,57.97,93.3,143.04,0
2025-11-04 14:24:49,18.66,24.28,73.08,45.89,500.73,2
2025-11-04 14:24:49,19.29,33.78,27.6,64.61,575.46,1
2025-11-04 14:24:49,32.05,33.36,69.19,35.2,494.42,0
2025-11-04 14:24:49,37.45,22.51,67.53,88.76,871.77,0
2025-11-04 14:24:49,36.68,35.62,78.93,76.48,712.05,2
2025-11-04 14:24:49,23.42,34.86,59.51,36.73,1046.25,0
2025-11-04 14:24:49,21.19,35.72,25.69,69.92,1020.4,1
2025-11-04 14:24:49,24.36,29.18,30.71,68.97,727.97,0
2025-11-04 14:24:49,25.68,30.14,13.95,83.05,937.2,1
2025-11-04 14:24:49,20.22,24.67,72.92,48.67,939.38,2
2025-11-04 14:24:49,28.09,25.38,31.86,80.1,983.88,0
2025-11-04 14:24:49,36.1,20.61,22.13,50.54,142.99,1
2025-11-04 14:24:49,30.03,31.57,26.07,55.75,989.95,1
2025-11-04 14:24:49,17.17,31.84,40.81,59.1,150.88,0
2025-11-04 14:24:49,25.95,30.76,17.26,80.53,493.76,1
2025-11-04 14:24:49,29.34,19.83,56.19,76.75,342.98,0
2025-11-04 14:24:49,34.99,38.23,84.73,75.68,886.75,2
2025-11-04 14:24:49,25.87,33.26,38.48,39.12,645.75,0
2025-11-04 14:24:49,27.66,41.8,89.62,38.23,804.97,2
2025-11-04 14:24:49,15.96,38.55,48.67,91.26,456.62,0
2025-11-04 14:24:49,33.36,29.01,33.75,57.5,821.93,0
2025-11-04 14:24:49,32.99,28.95,29.32,63.66,808.46,1
2025-11-04 14:24:49,17.55,37.66,36.61,72.38,230.76,0
2025-11-04 14:24:49,30.32,25.38,40.43,57.19,309.01,0
2025-11-04 14:24:49,21.36,32.29,36.15,30.09,711.7,0
2025-11-04 14:24:49,18.31,22.47,81.25,92.55,710.94,2
2025-11-04 14:24:49,32.38,22.29,40.81,47.85,833.42,0
2025-11-04 14:24:49,21.99,20.81,58.31,92.4,1063.89,0
2025-11-04 14:24:49,24.29,28.83,76.18,70.49,507.07,2
2025-11-04 14:24:49,29.28,32.37,14.67,37.28,463.92,1
2025-11-04 14:24:49,27.89,18.45,54.58,68.51,285.89,0
2025-11-04 14:24:49,26.33,24.41,33.92,68.01,904.67,0
2025-11-04 14:24:49,32.4,19.06,82.76,92.69,829.4,2
2025-11-04 14:24:49,17.83,35.95,15.03,42.97,1070.63,1
2025-11-04 14:24:49,21.32,41.3,68.1,54.72,815.64,0
2025-11-04 14:24:49,29.13,31.3,57.12,67.74,524.36,0
2025-11-04 14:24:49,31.96,39.03,24.22,71.89,514.88,1
2025-11-04 14:24:49,32.53,34.86,18.62,86.68,763.53,1
2025-11-04 14:24:49,16.29,24.15,54.23,65.66,442.16,0
2025-11-04 14:24:49,17.12,41.56,16.29,91.06,298.77,1
2025-11-04 14:24:49,25.59,22.85,62.39,90.69,760.69,0
2025-11-04 14:24:49,17.98,24.02,10.34,62.78,1178.52,1
2025-11-04 14:24:49,21.9,24.86,60.63,91.93,475.38,0
2025-11-04 14:24:49,19.57,32.22,62.48,35.64,476.9,0
2025-11-04 14:24:49,25.63,30.77,46.56,70.15,166.24,0
2025-11-04 14:24:49,27.47,25.1,69.22,75.01,650.41,0
2025-11-04 14:24:49,33.87,32.77,19.93,88.56,102.11,1
2025-11-04 14:24:49,19.97,24.32,53.34,82.44,125.84,0
2025-11-04 14:24:49,24.11,39.52,57.84,77.01,727.69,0
2025-11-04 14:24:49,21.1,36.96,54.96,87.74,320.19,0
2025-11-04 14:24:49,31.35,38.31,77.37,74.66,870.63,2
2025-11-04 14:24:49,30.52,38.07,48.33,69.13,182.41,0
2025-11-04 14:24:49,28.97,22.9,80.48,82.33,765.82,2
2025-11-04 14:24:49,35.98,26.61,34.7,89.04,452.1,0
2025-11-04 14:24:49,23.92,18.06,87.12,94.82,1142.06,2
2025-11-04 14:24:49,36.03,39.91,32.61,52.54,269.52,0
2025-11-04 14:24:49,26.51,30.51,81.6,50.02,468.21,2
2025-11-04 14:24:49,27.12,22.36,62.69,55.61,869.27,0
2025-11-04 14:24:49,25.24,37.65,72.17,66.19,218.19,2
2025-11-04 14:24:49,36.72,23.2,38.14,77.81,1164.62,0
2025-11-04 14:24:49,19.12,24.64,30.09,59.52,1133.4,0
2025-11-04 14:24:49,18.45,24.0,68.63,78.2,181.02,0
2025-11-04 14:24:49,29.78,24.41,29.49,73.23,905.69,1
2025-11-04 14:24:49,19.39,30.94,62.24,46.57,415.07,0
2025-11-04 14:24:49,24.94,30.16,35.82,56.74,536.79,0
2025-11-04 14:24:49,32.88,22.43,28.13,40.17,357.44,1
2025-11-04 14:24:49,21.82,30.54,83.66,36.7,954.95,2
2025-11-04 14:24:49,29.39,29.38,75.66,63.76,610.1,2
2025-11-04 14:24:49,21.13,21.7,59.9,86.29,659.62,0
2025-11-04 14:24:49,24.65,27.24,61.09,93.4,658.72,0
2025-11-04 14:24:49,25.28,22.46,46.08,33.17,1187.21,0
2025-11-04 14:24:49,26.04,19.57,80.67,48.58,175.04,2
2025-11-04 14:24:49,29.69,34.0,35.08,74.45,480.64,0
2025-11-04 14:24:49,16.82,34.72,83.79,60.65,268.71,2
2025-11-04 14:24:49,15.46,27.41,56.87,94.58,925.38,0
2025-11-04 14:24:49,22.19,39.37,11.78,92.89,526.91,1
2025-11-04 14:24:49,25.24,37.71,78.69,68.84,603.18,2
2025-11-04 14:24:49,32.54,36.77,80.47,83.23,246.14,2
2025-11-04 14:24:49,18.46,22.38,63.87,87.87,595.28,0
2025-11-04 14:24:49,32.07,28.82,31.41,57.7,1185.52,0
2025-11-04 14:24:49,29.43,34.52,71.05,79.58,823.28,2
2025-11-04 14:24:49,19.95,19.36,25.82,38.35,527.02,1
2025-11-04 14:24:49,33.57,26.26,52.59,49.64,563.0,0
2025-11-04 14:24:49,20.6,33.53,82.81,31.5,285.05,2
2025-11-04 14:24:49,24.1,36.96,47.85,39.77,553.37,0
2025-11-04 14:24:49,24.49,22.78,65.54,58.46,812.47,0
2025-11-04 14:24:49,24.0,26.48,77.2,34.26,288.14,2
2025-11-04 14:24:49,26.12,32.51,29.28,48.75,1030.45,1
2025-11-04 14:24:49,26.47,20.21,31.73,52.14,750.28,0
2025-11-04 14:24:49,29.67,41.75,48.22,63.56,195.26,0
2025-11-04 14:24:49,35.46,24.47,55.54,68.4,1120.5,0
2025-11-04 14:24:49,31.23,22.92,50.45,66.27,309.78,0
2025-11-04 14:24:49,32.61,33.05,66.27,76.9,487.91,0
2025-11-04 14:24:49,28.35,31.86,38.01,85.09,927.04,0
2025-11-04 14:24:49,36.78,29.79,16.14,76.32,704.68,1
2025-11-04 14:24:49,28.76,19.04,10.59,86.3,886.81,1
2025-11-04 14:24:49,30.9,31.86,65.48,84.55,943.45,0
2025-11-04 14:24:49,16.46,23.76,64.65,38.38,497.28,0
2025-11-04 14:24:49,21.01,24.05,73.69,60.51,967.03,2
2025-11-04 14:24:49,20.88,30.46,58.9,34.24,1121.09,0
2025-11-04 14:24:49,31.37,18.15,32.64,88.96,537.95,0
2025-11-04 14:24:49,26.9,33.38,25.86,69.26,1168.49,1
2025-11-04 14:24:49,17.55,29.46,10.72,79.84,248.78,1
2025-11-04 14:24:49,32.33,36.19,22.33,30.12,418.86,1
2025-11-04 14:24:49,33.09,35.67,60.34,67.35,811.13,0
2025-11-04 14:24:49,32.31,23.92,59.86,75.77,668.9,0
2025-11-04 14:24:49,34.49,41.87,83.88,92.93,453.43,2
2025-11-04 14:24:49,37.89,30.2,71.34,83.33,617.58,2
2025-11-04 14:24:49,21.74,27.99,59.33,65.11,386.94,0
2025-11-04 14:24:49,17.64,41.99,70.98,46.45,813.44,2
2025-11-04 14:24:49,32.06,41.35,53.85,54.5,606.22,0
2025-11-04 14:24:49,15.36,39.48,25.52,40.49,1150.09,1
2025-11-04 14:24:49,33.27,34.03,87.41,63.52,155.33,2
2025-11-04 14:24:49,23.87,24.94,65.34,63.72,1162.72,0
2025-11-04 14:24:49,33.16,39.13,52.08,94.45,418.0,0
2025-11-04 14:24:49,36.45,40.43,24.99,75.6,911.54,1
2025-11-04 14:24:49,17.23,39.39,76.7,31.06,382.28,2
2025-11-04 14:24:49,16.15,30.83,29.92,91.61,738.23,1
2025-11-04 14:24:49,25.63,41.46,55.86,91.14,844.34,0
2025-11-04 14:24:49,30.59,19.01,83.97,92.23,1101.15,2
2025-11-04 14:24:49,29.2,21.71,54.64,88.36,859.65,0
2025-11-04 14:24:49,25.8,25.1,52.13,90.65,1098.0,0
2025-11-04 14:24:49,31.05,39.28,70.83,65.79,678.19,2
2025-11-04 14:24:49,35.32,18.65,65.75,30.36,958.08,0
2025-11-04 14:24:49,34.66,18.42,44.12,36.52,549.68,0
2025-11-04 14:24:49,27.41,31.7,27.64,73.58,668.84,1
2025-11-04 14:24:49,21.0,21.2,73.74,31.27,775.42,2
2025-11-04 14:24:49,28.86,37.77,76.64,33.64,731.28,2
2025-11-04 14:24:49,37.13,32.71,45.56,51.27,794.39,0
2025-11-04 14:24:49,25.36,31.13,81.23,42.45,415.32,2
2025-11-04 14:24:49,33.31,32.29,51.67,59.18,571.86,0
2025-11-04 14:24:49,33.28,31.55,56.34,91.35,493.75,0
2025-11-04 14:24:49,22.12,23.18,38.74,59.85,100.23,0
2025-11-04 14:24:49,32.94,31.21,84.15,94.23,394.51,2
2025-11-04 14:24:49,30.75,19.42,21.56,47.26,237.34,1
2025-11-04 14:24:49,24.42,32.16,42.44,76.47,223.02,0
2025-11-04 14:24:49,21.79,34.85,29.47,70.89,987.17,1
2025-11-04 14:24:49,20.77,21.25,55.65,37.57,654.29,0
2025-11-04 14:24:49,16.88,34.92,57.01,87.33,649.04,0
2025-11-04 14:24:49,21.9,29.06,81.45,61.83,1006.77,2
2025-11-04 14:24:49,21.42,35.11,56.02,34.45,870.3,0
2025-11-04 14:24:49,19.13,22.59,45.61,55.72,462.99,0
2025-11-04 14:24:49,17.82,26.07,75.8,30.19,1148.48,2
2025-11-04 14:24:49,32.72,33.68,15.42,41.38,493.74,1
2025-11-04 14:24:49,29.39,24.48,23.36,91.87,274.13,1
2025-11-04 14:24:49,20.58,31.64,62.1,46.22,741.82,0
2025-11-04 14:24:49,25.69,20.23,54.03,30.19,906.94,0
2025-11-04 14:24:49,37.06,34.12,15.61,87.24,784.5,1
2025-11-04 14:24:49,36.19,24.56,27.99,81.47,841.85,1
2025-11-04 14:24:49,18.59,31.67,84.9,58.53,773.82,2
2025-11-04 14:24:49,20.03,41.33,35.63,86.65,125.41,0
2025-11-04 14:24:49,24.87,22.49,16.13,87.56,1051.45,1
2025-11-04 14:24:49,23.47,21.49,62.27,31.16,309.45,0
2025-11-04 14:24:49,21.81,26.91,47.58,41.38,473.31,0
2025-11-04 14:24:49,29.56,19.87,80.87,41.69,511.07,2
2025-11-04 14:24:49,27.05,31.01,62.55,67.72,320.76,0
2025-11-04 14:24:49,27.2,34.51,19.62,55.57,1047.29,1
2025-11-04 14:24:49,24.71,21.34,42.11,81.22,822.72,0
2025-11-04 14:24:49,32.57,39.4,13.28,58.32,1118.64,1
2025-11-04 14:24:49,19.97,28.71,14.4,90.36,985.45,1
2025-11-04 14:24:49,25.49,29.71,42.02,71.78,476.83,0
2025-11-04 14:24:49,15.04,35.72,58.04,76.96,1159.62,0
2025-11-04 14:24:49,27.11,33.34,29.7,53.04,252.99,1
2025-11-04 14:24:49,34.97,36.0,62.42,77.11,889.82,0
2025-11-04 14:24:49,16.72,30.48,60.93,55.03,941.6,0
2025-11-04 14:24:49,28.79,29.96,52.76,44.69,1132.39,0
2025-11-04 14:24:49,35.83,19.25,68.6,41.84,1175.37,0
2025-11-04 14:24:49,26.04,25.73,40.45,62.34,736.51,0
2025-11-04 14:24:49,35.49,21.76,82.43,31.65,336.99,2
2025-11-04 14:24:49,21.69,25.65,82.24,37.49,635.18,2
2025-11-04 14:24:49,21.53,22.8,35.84,87.81,216.32,0
2025-11-04 14:24:49,28.44,32.18,65.57,79.66,450.74,0
2025-11-04 14:24:49,36.56,19.09,41.44,68.23,890.24,0
2025-11-04 14:24:49,18.77,23.2,10.53,55.72,1153.39,1
2025-11-04 14:24:49,19.67,27.66,20.02,41.1,715.07,1
2025-11-04 14:24:49,36.43,36.85,64.05,62.46,942.61,0
2025-11-04 14:24:49,23.28,37.06,44.98,90.39,1179.08,0
2025-11-04 14:24:49,30.48,35.33,40.28,46.38,871.83,0
2025-11-04 14:24:49,31.97,32.79,81.5,68.68,947.86,2
2025-11-04 14:24:49,31.25,26.87,48.31,60.0,836.32,0
2025-11-04 14:24:49,31.97,34.99,64.84,30.33,140.35,0
2025-11-04 14:24:49,30.9,20.4,67.11,45.2,124.91,0
2025-11-04 14:24:49,28.93,26.29,42.79,59.1,443.3,0
2025-11-04 14:24:49,21.52,24.47,89.96,59.67,769.82,2
2025-11-04 14:24:49,20.6,27.33,42.38,84.78,370.99,0
2025-11-04 14:24:49,31.61,30.3,76.66,33.3,237.58,2
2025-11-04 14:24:49,33.95,23.0,40.34,60.57,870.67,0
2025-11-04 14:24:49,17.01,22.88,37.89,87.51,314.47,0
2025-11-04 14:24:49,18.5,21.74,69.31,49.77,539.88,0
2025-11-04 14:24:49,17.71,30.71,51.54,62.69,235.12,0
2025-11-04 14:24:49,26.18,24.2,73.42,76.1,144.71,2
2025-11-04 14:24:49,15.28,35.72,18.14,68.49,990.31,1
2025-11-04 14:24:49,16.08,39.11,43.41,66.83,138.02,0
2025-11-04 14:24:49,29.03,33.89,13.13,71.98,115.22,1
2025-11-04 14:24:49,33.87,24.21,14.74,72.92,1117.21,1
2025-11-04 14:24:49,36.67,40.0,15.41,76.2,295.84,1
2025-11-04 14:24:49,20.92,25.57,33.52,36.96,774.92,0
2025-11-04 14:24:49,36.84,39.65,82.82,61.81,891.35,2
2025-11-04 14:24:49,30.93,27.25,60.11,35.5,247.88,0
2025-11-04 14:24:49,20.73,35.99,45.22,70.49,154.84,0
2025-11-04 14:24:49,27.73,30.15,55.14,75.76,317.82,0
2025-11-04 14:24:49,36.62,27.69,43.87,81.73,182.18,0
2025-11-04 14:24:49,30.37,30.09,32.5,66.7,219.81,0
2025-11-04 14:24:49,19.37,37.49,41.91,40.57,784.57,0
2025-11-04 14:24:49,29.14,21.26,63.55,92.11,1143.92,0
2025-11-04 14:24:49,37.19,26.48,30.3,40.37,717.69,0
2025-11-04 14:24:49,34.7,22.23,64.24,85.92,632.12,0
2025-11-04 14:24:49,19.21,32.5,57.48,76.54,176.82,0
2025-11-04 14:24:49,28.3,33.5,23.92,68.67,254.03,1
2025-11-04 14:24:49,35.68,19.26,78.09,45.48,690.72,2
2025-11-04 14:24:49,20.19,38.83,33.64,68.41,809.54,0
2025-11-04 14:24:49,30.67,31.56,10.17,51.57,510.99,1
2025-11-04 14:24:49,36.05,21.31,79.05,85.77,169.04,2
2025-11-04 14:24:49,25.88,22.15,32.52,38.52,259.89,0
2025-11-04 14:24:49,17.89,38.46,45.18,79.43,545.88,0
2025-11-04 14:24:49,36.32,30.75,25.2,37.66,660.68,1
2025-11-04 14:24:49,29.83,23.06,52.09,54.68,534.05,0
2025-11-04 14:24:49,24.21,30.9,26.85,90.45,193.32,1
2025-11-04 14:24:49,15.82,40.33,55.21,60.9,778.86,0
2025-11-04 14:24:49,21.94,30.21,22.84,72.78,294.44,1
2025-11-04 14:24:49,33.92,40.93,72.93,76.49,606.63,2
2025-11-04 14:24:49,22.78,37.09,72.09,70.14,641.5,2
2025-11-04 14:24:49,28.09,24.46,65.56,68.61,597.55,0
2025-11-04 14:24:49,25.29,28.16,38.61,89.55,554.32,0
2025-11-04 14:24:49,24.16,33.44,12.85,78.58,650.71,1
2025-11-04 14:24:49,31.28,19.07,87.28,56.62,755.08,2
2025-11-04 14:24:49,21.78,24.36,10.12,31.6,1075.81,1
2025-11-04 14:24:49,22.11,21.72,64.32,78.15,894.27,0
2025-11-04 14:24:49,28.95,21.82,20.74,81.88,157.45,1
2025-11-04 14:24:49,37.2,38.65,31.63,77.73,679.2,0
2025-11-04 14:24:49,36.8,35.78,50.51,68.66,943.69,0
2025-11-04 14:24:49,33.89,41.59,26.79,30.52,341.32,1
2025-11-04 14:24:49,23.29,24.29,63.58,32.08,942.62,0
2025-11-04 14:24:49,22.29,22.6,57.16,55.06,1162.99,0
2025-11-04 14:24:49,35.86,28.6,76.94,35.19,298.05,2
2025-11-04 14:24:49,26.05,29.13,36.89,91.62,814.13,0
2025-11-04 14:24:49,15.73,35.34,17.2,93.33,1017.49,1
2025-11-04 14:24:49,36.41,26.93,73.66,47.59,1039.02,2
2025-11-04 14:24:49,29.12,39.37,19.41,48.61,718.62,1
2025-11-04 14:24:49,23.5,21.4,10.41,37.79,653.43,1
2025-11-04 14:24:49,16.48,34.77,45.07,44.07,123.76,0
2025-11-04 14:24:49,17.37,27.59,13.44,55.14,248.62,1
2025-11-04 14:24:49,25.29,24.59,37.21,52.79,1115.41,0
2025-11-04 14:24:49,25.45,18.4,31.0,68.21,155.02,0
2025-11-04 14:24:49,17.13,25.34,57.9,30.91,265.46,0
2025-11-04 14:24:49,24.4,30.23,58.86,76.36,201.43,0
2025-11-04 14:24:49,20.99,35.69,66.74,90.46,1115.94,0
2025-11-04 14:24:49,23.03,33.98,57.01,84.98,245.49,0
2025-11-04 14:24:49,27.52,39.51,60.54,45.02,510.53,0
2025-11-04 14:24:49,24.59,37.24,31.34,49.91,135.98,0
2025-11-04 14:24:49,29.66,35.78,63.46,30.14,894.21,0
2025-11-04 14:24:49,36.05,33.64,26.98,39.78,442.87,1
2025-11-04 14:24:49,21.09,41.53,65.8,92.66,275.11,0
2025-11-04 14:24:49,24.06,19.28,41.64,73.1,375.34,0
2025-11-04 14:24:49,16.31,29.95,86.5,33.92,1013.57,2
2025-11-04 14:24:49,33.27,31.75,86.51,35.59,685.64,2
2025-11-04 14:24:49,33.34,22.33,43.9,38.12,151.13,0
2025-11-04 14:24:49,33.05,23.27,27.69,83.37,452.88,1
2025-11-04 14:24:49,15.41,26.24,85.83,55.35,809.47,2
2025-11-04 14:24:49,35.5,27.68,39.46,82.25,760.2,0
2025-11-04 14:24:49,20.26,30.38,16.24,43.92,596.74,1
2025-11-04 14:24:49,33.09,20.07,70.08,49.73,1048.04,2
2025-11-04 14:24:49,18.65,20.35,32.68,93.83,549.24,0
2025-11-04 14:24:49,17.33,24.93,31.07,67.37,779.15,0
2025-11-04 14:24:49,18.61,30.51,45.02,47.68,1184.59,0
2025-11-04 14:24:49,22.68,20.67,33.56,67.34,677.62,0
2025-11-04 14:24:49,23.96,33.31,71.59,54.93,938.38,2
2025-11-04 14:24:49,23.95,40.42,16.76,77.02,382.25,1
2025-11-04 14:24:49,18.69,20.25,48.86,65.69,307.62,0
2025-11-04 14:24:49,19.67,35.19,28.75,58.08,808.09,1
2025-11-04 14:24:49,23.86,41.01,71.15,44.69,1160.37,2
2025-11-04 14:24:49,33.45,21.21,82.07,45.14,620.56,2
2025-11-04 14:24:49,23.71,30.8,39.53,44.84,126.44,0
2025-11-04 14:24:49,30.99,32.79,45.96,83.21,976.87,0
2025-11-04 14:24:49,30.94,20.51,26.23,64.71,462.79,1
2025-11-04 14:24:49,32.98,41.08,81.76,89.66,608.45,2
2025-11-04 14:24:49,23.6,21.74,29.98,63.44,158.86,1
2025-11-04 14:24:49,26.6,23.06,81.42,76.14,712.26,2
2025-11-04 14:24:49,25.44,28.31,45.17,42.62,946.61,0
2025-11-04 14:24:49,25.21,18.6,46.8,70.83,735.3,0
2025-11-04 14:24:49,31.49,27.78,57.37,80.46,176.75,0
2025-11-04 14:24:49,22.95,26.48,80.41,72.33,1071.48,2
2025-11-04 14:24:49,15.38,32.81,71.79,91.04,557.28,2
2025-11-04 14:24:49,30.53,39.83,54.18,32.32,553.52,0
2025-11-04 14:24:49,19.77,36.22,30.62,63.94,705.18,0
2025-11-04 14:24:49,29.33,22.52,69.05,41.75,402.05,0
2025-11-04 14:24:49,31.22,36.58,75.0,54.61,670.06,2
2025-11-04 14:24:49,21.31,21.59,74.82,40.99,721.44,2
2025-11-04 14:24:49,36.56,24.32,45.09,63.01,507.82,0
2025-11-04 14:24:49,36.85,32.74,45.02,77.71,638.64,0
2025-11-04 14:24:49,29.71,34.26,76.24,85.39,103.37,2
2025-11-04 14:24:49,18.46,39.87,50.6,61.56,1167.99,0
2025-11-04 14:24:49,27.61,35.93,37.93,50.79,781.14,0
2025-11-04 14:24:49,24.76,41.06,74.59,82.93,371.9,2
2025-11-04 14:24:49,16.28,19.81,32.9,78.82,989.64,0
2025-11-04 14:24:49,25.72,30.16,72.57,37.23,274.42,2
2025-11-04 14:24:49,34.6,39.73,70.2,71.62,612.68,2
2025-11-04 14:24:49,22.23,26.91,27.95,67.0,531.83,1
2025-11-04 14:24:49,24.35,34.1,37.92,46.59,225.72,0
2025-11-04 14:24:49,27.54,30.72,49.87,74.6,281.94,0
2025-11-04 14:24:49,27.22,26.08,22.69,75.06,237.95,1
2025-11-04 14:24:49,24.02,21.19,57.05,30.42,1008.77,0
2025-11-04 14:24:49,22.68,35.53,19.48,42.88,538.0,1
2025-11-04 14:24:49,17.13,40.57,46.18,43.64,1079.19,0
2025-11-04 14:24:49,29.88,41.91,51.44,89.63,884.34,0
2025-11-04 14:24:49,20.72,33.63,83.73,41.76,793.92,2
2025-11-04 14:24:49,26.69,37.24,48.5,53.44,928.35,0
2025-11-04 14:24:49,27.11,20.74,53.13,56.52,262.83,0
2025-11-04 14:24:49,27.28,25.0,83.3,82.03,654.76,2
2025-11-04 14:24:49,24.02,29.17,63.75,80.6,646.12,0
2025-11-04 14:24:49,23.85,26.79,85.81,76.68,196.4,2
2025-11-04 14:24:49,23.46,36.96,58.87,84.67,153.06,0
2025-11-04 14:24:49,35.56,30.28,40.51,61.79,889.54,0
2025-11-04 14:24:49,27.93,18.75,42.23,84.36,287.19,0
2025-11-04 14:24:49,35.72,39.2,65.86,73.72,497.53,0
2025-11-04 14:24:49,31.08,28.52,78.81,64.53,450.15,2
2025-11-04 14:24:49,34.5,24.59,66.89,57.03,643.14,0
2025-11-04 14:24:49,37.33,34.9,50.1,90.48,493.78,0
2025-11-04 14:24:49,26.38,37.06,42.11,86.62,175.06,0
2025-11-04 14:24:49,35.94,21.36,87.07,84.5,416.03,2
2025-11-04 14:24:49,17.31,22.43,34.89,86.71,609.39,0
2025-11-04 14:24:49,25.66,40.28,49.89,92.78,466.87,0
2025-11-04 14:24:49,24.42,25.09,58.7,89.97,1015.58,0
2025-11-04 14:24:49,27.7,28.09,13.32,67.22,499.62,1
2025-11-04 14:24:49,31.63,34.99,17.78,84.01,749.09,1
2025-11-04 14:24:49,17.1,40.43,52.71,57.2,481.21,0
2025-11-04 14:24:49,29.99,26.8,25.09,44.35,182.5,1
2025-11-04 14:24:49,33.35,28.0,25.36,59.48,361.13,1
2025-11-04 14:24:49,33.47,36.27,70.43,39.37,517.32,2
2025-11-04 14:24:49,24.5,32.57,56.74,82.55,702.89,0
2025-11-04 14:24:49,23.3,34.8,30.17,33.33,769.82,0
2025-11-04 14:24:49,20.79,31.3,88.99,67.48,793.03,2
2025-11-04 14:24:49,33.28,21.17,15.85,77.16,789.71,1
2025-11-04 14:24:49,19.32,40.85,35.85,56.04,572.96,0
2025-11-04 14:24:49,30.14,33.64,19.32,60.95,1061.62,1
2025-11-04 14:24:49,18.08,19.12,62.48,91.64,452.28,0
2025-11-04 14:24:49,21.92,34.92,77.57,91.75,184.82,2
2025-11-04 14:24:49,33.09,24.24,32.57,44.07,287.64,0
2025-11-04 14:24:49,31.83,34.29,58.92,39.21,326.76,0
2025-11-04 14:24:49,35.52,34.97,32.11,40.22,307.28,0
2025-11-04 14:24:49,35.9,29.72,51.51,78.1,915.51,0
2025-11-04 14:24:49,20.3,20.91,13.04,90.44,194.77,1
2025-11-04 14:24:49,31.44,38.09,84.47,53.31,179.99,2
2025-11-04 14:24:49,35.44,26.21,14.37,50.98,1196.07,1
2025-11-04 14:24:49,17.89,40.38,71.26,76.25,865.23,2
2025-11-04 14:24:49,22.86,24.12,45.36,60.12,782.95,0
2025-11-04 14:24:49,20.83,38.23,60.64,83.87,662.69,0
2025-11-04 14:24:49,36.12,25.4,87.08,85.73,1059.42,2
2025-11-04 14:24:49,20.36,19.89,39.54,59.92,1003.31,0
2025-11-04 14:24:49,27.69,33.22,69.94,79.91,452.17,0
2025-11-04 14:24:49,33.34,39.01,45.13,55.16,979.82,0
2025-11-04 14:24:49,35.82,22.41,78.83,72.9,793.9,2
2025-11-04 14:24:49,22.9,23.74,30.79,72.5,438.19,0
2025-11-04 14:24:49,23.19,27.0,15.8,44.92,552.69,1
2025-11-04 14:24:49,28.11,39.31,80.07,32.38,1153.74,2
2025-11-04 14:24:49,17.34,23.54,58.76,94.62,465.95,0
2025-11-04 14:24:49,33.36,37.42,38.19,50.68,646.89,0
2025-11-04 14:24:49,24.02,36.83,87.79,74.78,1182.55,2
2025-11-04 14:24:49,32.52,31.82,87.19,55.36,416.62,2
2025-11-04 14:24:49,20.54,22.52,31.0,35.34,654.22,0
2025-11-04 14:24:49,34.31,34.44,79.58,61.15,949.17,2
2025-11-04 14:24:49,35.58,35.77,69.28,81.33,226.65,0
